Name,Class,Area,Estimate,SE
Natural Mortality Rate,Pooled,All,0.1133300900368851,8.481125385838198e-4
Fishing Mortality Bias,Small,All,0.6730774302497019,0.008665603169445533
Fishing Mortality Bias,Medium,All,1.1027224459073781,0.01020275933247339
Fishing Mortality Bias,Large,All,1.3229792319298253,0.016351673857643134
Negative Binomial Dispersion,Pooled,All,0.5949924588527844,0.007001850063721585
